Name,Mean,Range,SumList,Sd,Area_m2,Area_km2
01Porpoise_BalticBlekinge__TotalSkydd.tif,0.1488300105981951,0.6399999856948853,567.3400004003197,0.15579641246781212,238250000,238,3
01Porpoise_BalticBottniskaVikenHavNollBf__TotalSkydd.tif,0.0,0.0,0.0,0.0,326500000,326,5
01Porpoise_BalticEgentligaOstersjonHavNollBf__TotalSkydd.tif,0.448943912179585,0.699999988079071,73240.7098329775,0.12847159400585273,10196250000,10196,3
01Porpoise_BalticGavleborgsHavNollBf__TotalSkydd.tif,0.0,0.0,0.0,0.0,137750000,137,8
01Porpoise_BalticGOTLANDSHavNollBf__TotalSkydd.tif,0.15943538656483267,0.5099999904632568,2660.019989447668,0.16190932753411166,1042750000,1042,8
01Porpoise_BalticHALLANDSHavNollBf__TotalSkydd.tif,0.0,0.0,0.0,0.0,292562500,292,6
01Porpoise_BalticKALMARHavNollBf__TotalSkydd.tif,0.05030846229431915,0.5299999713897705,311.50999852642417,0.09765073565308334,387000000,387,0
01Porpoise_BalticNORRBOTTENSHavNollBf__TotalSkydd.tif,0.0,0.0,0.0,0.0,834750000,834,8
01Porpoise_BalticOstergotlandsHavNollBf__TotalSkydd.tif,0.04740068302966109,0.4699999988079071,263.68999969400465,0.06328081336795537,347687500,347,7
01Porpoise_BalticSkaneNorrNollBf__TotalSkydd.tif,0.0,0.0,0.0,0.0,1313750000,1313,8
01Porpoise_BalticSkaneSoder__TotalSkydd.tif,0.007940560181423476,0.49000000953674316,144.00999945029616,0.05963068925435263,1133500000,1133,5
01Porpoise_BalticSTOCKHOLMSHavNollBf__TotalSkydd.tif,0.054617294380776164,0.46000000834465027,1143.8499962165952,0.07750789245180524,1308937500,1308,9
01Porpoise_BalticSÖDERMANLANDSHavNollBf__TotalSkydd.tif,0.07008488138500436,0.6299999952316284,437.60999936796725,0.09386008555224622,390250000,390,3
01Porpoise_BalticUppsalaHavNollBf__TotalSkydd.tif,0.03522372425527447,0.5699999928474426,369.98999957740307,0.08861984807186643,656500000,656,5
01Porpoise_BalticVasterbottensHavNollBf__TotalSkydd.tif,0.0,0.0,0.0,0.0,778937500,778,9
01Porpoise_BalticVasterHavetNollBf__TotalSkydd.tif,0.0,0.0,0.0,0.0,1675687500,1675,7
01Porpoise_BalticVasternorrlandsHavNollBf__TotalSkydd.tif,0.0,0.0,0.0,0.0,174187500,174,2
01Porpoise_BalticVastragotlandHavNollBf__TotalSkydd.tif,0.0,0.0,0.0,0.0,1240250000,1240,3
02Porpoise_BeltseaBlekinge__TotalSkydd.tif,0.0,0.0,0.0,0.0,238250000,238,3
02Porpoise_BeltseaBottniskaVikenHavNollBf__TotalSkydd.tif,0.0,0.0,0.0,0.0,326500000,326,5
02Porpoise_BeltseaEgentligaOstersjonHavNollBf__TotalSkydd.tif,0.0020725143968554796,0.28999999165534973,338.10999870300293,0.022494311260343857,10196250000,10196,3
02Porpoise_BeltseaGavleborgsHavNollBf__TotalSkydd.tif,0.0,0.0,0.0,0.0,137750000,137,8
02Porpoise_BeltseaGOTLANDSHavNollBf__TotalSkydd.tif,0.0,0.0,0.0,0.0,1042750000,1042,8
02Porpoise_BeltseaHALLANDSHavNollBf__TotalSkydd.tif,0.02865199736743064,0.41999998688697815,134.11999967694283,0.08378619739242466,292562500,292,6
02Porpoise_BeltseaKALMARHavNollBf__TotalSkydd.tif,0.0,0.0,0.0,0.0,387000000,387,0
02Porpoise_BeltseaNORRBOTTENSHavNollBf__TotalSkydd.tif,0.0,0.0,0.0,0.0,834750000,834,8
02Porpoise_BeltseaOstergotlandsHavNollBf__TotalSkydd.tif,0.0,0.0,0.0,0.0,347687500,347,7
02Porpoise_BeltseaSkaneNorrNollBf__TotalSkydd.tif,0.38853520465913727,0.6899999976158142,8167.010001935065,0.1568329205734641,1313750000,1313,8
02Porpoise_BeltseaSkaneSoder__TotalSkydd.tif,0.13635752121390005,0.30000001192092896,2472.980004735291,0.06072831489833742,1133500000,1133,5
02Porpoise_BeltseaSTOCKHOLMSHavNollBf__TotalSkydd.tif,0.0,0.0,0.0,0.0,1308937500,1308,9
02Porpoise_BeltseaSÖDERMANLANDSHavNollBf__TotalSkydd.tif,0.0,0.0,0.0,0.0,390250000,390,3
02Porpoise_BeltseaUppsalaHavNollBf__TotalSkydd.tif,0.0,0.0,0.0,0.0,656500000,656,5
02Porpoise_BeltseaVasterbottensHavNollBf__TotalSkydd.tif,0.0,0.0,0.0,0.0,778937500,778,9
02Porpoise_BeltseaVasterHavetNollBf__TotalSkydd.tif,0.11147961629832731,0.6600000262260437,2988.8799925744534,0.18366915968832093,1675687500,1675,7
02Porpoise_BeltseaVasternorrlandsHavNollBf__TotalSkydd.tif,0.0,0.0,0.0,0.0,174187500,174,2
02Porpoise_BeltseaVastragotlandHavNollBf__TotalSkydd.tif,0.0,0.0,0.0,0.0,1240250000,1240,3
03Grey_SealsBlekinge__TotalSkydd.tif,0.29685467354619066,0.5699999928474426,1131.6100155580789,0.2535849472923372,238250000,238,3
03Grey_SealsBottniskaVikenHavNollBf__TotalSkydd.tif,0.012582312279222548,0.05000000074505806,65.72999934665859,0.016303322239245015,326500000,326,5
03Grey_SealsEgentligaOstersjonHavNollBf__TotalSkydd.tif,0.006975113334282876,0.9100000262260437,1137.9199893549085,0.050413650989399844,10196250000,10196,3
03Grey_SealsGavleborgsHavNollBf__TotalSkydd.tif,0.3744010884608877,0.75,825.1799989677966,0.24983635965176804,137750000,137,8
03Grey_SealsGOTLANDSHavNollBf__TotalSkydd.tif,0.0733541113542613,0.44999998807907104,1223.8399938344955,0.08187015069767208,1042750000,1042,8
03Grey_SealsHALLANDSHavNollBf__TotalSkydd.tif,0.0,0.0,0.0,0.0,292562500,292,6
03Grey_SealsKALMARHavNollBf__TotalSkydd.tif,0.1837047797754691,0.4699999988079071,1137.4999963697046,0.17025990901217536,387000000,387,0
03Grey_SealsNORRBOTTENSHavNollBf__TotalSkydd.tif,0.10958370839628578,0.20999999344348907,1463.600009340793,0.07556931673182676,834750000,834,8
03Grey_SealsOstergotlandsHavNollBf__TotalSkydd.tif,0.7644634181842859,0.9599999785423279,4252.709995359182,0.17828393674700083,347687500,347,7
03Grey_SealsSkaneNorrNollBf__TotalSkydd.tif,0.01159847769345716,0.5600000023841858,243.8000011164695,0.064384163648637,1313750000,1313,8
03Grey_SealsSkaneSoder__TotalSkydd.tif,0.4897088635134431,0.6000000238418579,8881.359948679805,0.12231136226096453,1133500000,1133,5
03Grey_SealsSTOCKHOLMSHavNollBf__TotalSkydd.tif,0.8157923871210422,0.9800000190734863,17085.139963475987,0.14656051603241044,1308937500,1308,9
03Grey_SealsSÖDERMANLANDSHavNollBf__TotalSkydd.tif,0.901330880844616,1.0,5627.910019993782,0.06801437839793942,390250000,390,3
03Grey_SealsUppsalaHavNollBf__TotalSkydd.tif,0.5056388025875689,0.6000000238418579,5311.229982379824,0.13068452627805655,656500000,656,5
03Grey_SealsVasterbottensHavNollBf__TotalSkydd.tif,0.438577389190187,0.6299999952316284,5465.990001477301,0.2222613744240446,778937500,778,9
03Grey_SealsVasterHavetNollBf__TotalSkydd.tif,0.0,0.0,0.0,0.0,1675687500,1675,7
03Grey_SealsVasternorrlandsHavNollBf__TotalSkydd.tif,0.0354754215044213,0.1899999976158142,98.86999973282218,0.04389525029360881,174187500,174,2
03Grey_SealsVastragotlandHavNollBf__TotalSkydd.tif,0.0,0.0,0.0,0.0,1240250000,1240,3
04Harbour_SealsBlekinge__TotalSkydd.tif,0.13310335757668204,0.7799999713897705,507.389999082312,0.1837957938001146,238250000,238,3
04Harbour_SealsBottniskaVikenHavNollBf__TotalSkydd.tif,0.0,0.0,0.0,0.0,326500000,326,5
04Harbour_SealsEgentligaOstersjonHavNollBf__TotalSkydd.tif,0.009366433738767497,0.4000000059604645,1528.0400001425296,0.043215916542593456,10196250000,10196,3
04Harbour_SealsGavleborgsHavNollBf__TotalSkydd.tif,0.0,0.0,0.0,0.0,137750000,137,8
04Harbour_SealsGOTLANDSHavNollBf__TotalSkydd.tif,0.0,0.0,0.0,0.0,1042750000,1042,8
04Harbour_SealsHALLANDSHavNollBf__TotalSkydd.tif,0.7220337558438242,1.0,3379.8400111049414,0.1870332045583836,292562500,292,6
04Harbour_SealsKALMARHavNollBf__TotalSkydd.tif,0.1810642770071603,0.8600000143051147,1121.1500032283366,0.27882616525200454,387000000,387,0
04Harbour_SealsNORRBOTTENSHavNollBf__TotalSkydd.tif,0.0,0.0,0.0,0.0,834750000,834,8
04Harbour_SealsOstergotlandsHavNollBf__TotalSkydd.tif,0.0,0.0,0.0,0.0,347687500,347,7
04Harbour_SealsSkaneNorrNollBf__TotalSkydd.tif,0.5619048521528773,0.7099999785423279,11811.239992253482,0.16270223565384317,1313750000,1313,8
04Harbour_SealsSkaneSoder__TotalSkydd.tif,0.2728633644341943,0.4300000071525574,4948.649977378547,0.15435406623911363,1133500000,1133,5
04Harbour_SealsSTOCKHOLMSHavNollBf__TotalSkydd.tif,0.0,0.0,0.0,0.0,1308937500,1308,9
04Harbour_SealsSÖDERMANLANDSHavNollBf__TotalSkydd.tif,0.0,0.0,0.0,0.0,390250000,390,3
04Harbour_SealsUppsalaHavNollBf__TotalSkydd.tif,0.0,0.0,0.0,0.0,656500000,656,5
04Harbour_SealsVasterbottensHavNollBf__TotalSkydd.tif,0.0,0.0,0.0,0.0,778937500,778,9
04Harbour_SealsVasterHavetNollBf__TotalSkydd.tif,0.17779008555822629,0.5799999833106995,4766.729983901605,0.19089417893920807,1675687500,1675,7
04Harbour_SealsVasternorrlandsHavNollBf__TotalSkydd.tif,0.0,0.0,0.0,0.0,174187500,174,2
04Harbour_SealsVastragotlandHavNollBf__TotalSkydd.tif,0.8419759119230997,0.9700000286102295,16708.169996201992,0.07930505940951989,1240250000,1240,3
05Blue_Mussel_HabitatBlekinge__TotalSkydd.tif,0.3305351521511018,1.0,1260.0,0.4704675645365228,238250000,238,3
05Blue_Mussel_HabitatBottniskaVikenHavNollBf__TotalSkydd.tif,0.0,0.0,0.0,0.0,326500000,326,5
05Blue_Mussel_HabitatEgentligaOstersjonHavNollBf__TotalSkydd.tif,6.129704548240775e-06,1.0,1.0,0.002475824013988235,10196250000,10196,3
05Blue_Mussel_HabitatGavleborgsHavNollBf__TotalSkydd.tif,0.04673321234119782,1.0,103.0,0.21111475854381778,137750000,137,8
05Blue_Mussel_HabitatGOTLANDSHavNollBf__TotalSkydd.tif,0.000839127307600096,1.0,14.0,0.028956405666123338,1042750000,1042,8
05Blue_Mussel_HabitatHALLANDSHavNollBf__TotalSkydd.tif,0.10168767357402264,1.0,476.0,0.3022694315821018,292562500,292,6
05Blue_Mussel_HabitatKALMARHavNollBf__TotalSkydd.tif,0.004198966408268734,1.0,26.0,0.06466846587526372,387000000,387,0
05Blue_Mussel_HabitatNORRBOTTENSHavNollBf__TotalSkydd.tif,0.0071877807726864335,1.0,96.0,0.08447870098841807,834750000,834,8
05Blue_Mussel_HabitatOstergotlandsHavNollBf__TotalSkydd.tif,0.05051231349991012,1.0,281.0,0.21901927456213557,347687500,347,7
05Blue_Mussel_HabitatSkaneNorrNollBf__TotalSkydd.tif,0.0538534728829686,1.0,1132.0,0.2257336937513388,1313750000,1313,8
05Blue_Mussel_HabitatSkaneSoder__TotalSkydd.tif,0.06556021173356859,1.0,1189.0,0.24751858209744365,1133500000,1133,5
05Blue_Mussel_HabitatSTOCKHOLMSHavNollBf__TotalSkydd.tif,0.043881010361457286,1.0,919.0,0.20483522818046793,1308937500,1308,9
05Blue_Mussel_HabitatSÖDERMANLANDSHavNollBf__TotalSkydd.tif,0.08872517616912236,1.0,554.0,0.284369425696703,390250000,390,3
05Blue_Mussel_HabitatUppsalaHavNollBf__TotalSkydd.tif,0.03541507996953541,1.0,372.0,0.18483534447039435,656500000,656,5
05Blue_Mussel_HabitatVasterbottensHavNollBf__TotalSkydd.tif,0.031854288694535826,1.0,397.0,0.1756190982689495,778937500,778,9
05Blue_Mussel_HabitatVasterHavetNollBf__TotalSkydd.tif,0.00026108686733057325,1.0,7.0,0.016156374495822415,1675687500,1675,7
05Blue_Mussel_HabitatVasternorrlandsHavNollBf__TotalSkydd.tif,0.024757804090419805,1.0,69.0,0.15541403322125252,174187500,174,2
05Blue_Mussel_HabitatVastragotlandHavNollBf__TotalSkydd.tif,0.024894174561580325,1.0,494.0,0.15580654017183426,1240250000,1240,3
20AngiospermsBlekinge__TotalSkydd.tif,0.09224554037886348,1.0,351.6399999242276,0.20989606342869946,238250000,238,3
20AngiospermsBottniskaVikenHavNollBf__TotalSkydd.tif,0.0,0.0,0.0,0.0,326500000,326,5
20AngiospermsEgentligaOstersjonHavNollBf__TotalSkydd.tif,0.0,0.0,0.0,0.0,10196250000,10196,3
20AngiospermsGavleborgsHavNollBf__TotalSkydd.tif,0.07641560796178377,0.949999988079071,168.41999994777143,0.16961771555882124,137750000,137,8
20AngiospermsGOTLANDSHavNollBf__TotalSkydd.tif,0.013351114864568971,1.0,222.7500004004687,0.0972445835418871,1042750000,1042,8
20AngiospermsHALLANDSHavNollBf__TotalSkydd.tif,0.03758598589317472,1.0,175.93999996595085,0.14605563407137265,292562500,292,6
20AngiospermsKALMARHavNollBf__TotalSkydd.tif,0.08474483190811882,1.0,524.7399991750717,0.17588404053225348,387000000,387,0
20AngiospermsNORRBOTTENSHavNollBf__TotalSkydd.tif,0.055867026076775114,1.0,746.1600002814084,0.16965348020850754,834750000,834,8
20AngiospermsOstergotlandsHavNollBf__TotalSkydd.tif,0.02545568933795837,0.8199999928474426,141.6099997870624,0.07705837714774112,347687500,347,7
20AngiospermsSkaneNorrNollBf__TotalSkydd.tif,0.014893910584423681,1.0,313.07000048458576,0.10294365402931673,1313750000,1313,8
20AngiospermsSkaneSoder__TotalSkydd.tif,0.062041795432027785,1.0,1125.1900019552559,0.2098803335806353,1133500000,1133,5
20AngiospermsSTOCKHOLMSHavNollBf__TotalSkydd.tif,0.020972639974646934,0.9599999785423279,439.2299989890307,0.0775593730863715,1308937500,1308,9
20AngiospermsSÖDERMANLANDSHavNollBf__TotalSkydd.tif,0.03201313251551911,1.0,199.88999942690134,0.10558699544687848,390250000,390,3
20AngiospermsUppsalaHavNollBf__TotalSkydd.tif,0.026831683176105042,1.0,281.8400000818074,0.10806722930910587,656500000,656,5
20AngiospermsVasterbottensHavNollBf__TotalSkydd.tif,0.05957634597962935,1.0,742.4999999441206,0.17385500503182694,778937500,778,9
20AngiospermsVasterHavetNollBf__TotalSkydd.tif,0.0,0.0,0.0,0.0,1675687500,1675,7
20AngiospermsVasternorrlandsHavNollBf__TotalSkydd.tif,0.008015787564445277,0.7400000095367432,22.33999994210899,0.04495322324539268,174187500,174,2
20AngiospermsVastragotlandHavNollBf__TotalSkydd.tif,0.02005996770443043,1.0,398.06999912671745,0.096434555301376,1240250000,1240,3
25Rivermouth_FishBlekinge__TotalSkydd.tif,0.007245540413673252,0.6800000071525574,27.620000056922436,0.051791009261404154,238250000,238,3
25Rivermouth_FishBottniskaVikenHavNollBf__TotalSkydd.tif,0.0,0.0,0.0,0.0,326500000,326,5
25Rivermouth_FishEgentligaOstersjonHavNollBf__TotalSkydd.tif,0.0,0.0,0.0,0.0,10196250000,10196,3
25Rivermouth_FishGavleborgsHavNollBf__TotalSkydd.tif,0.006324863887836518,0.6499999761581421,13.940000008791685,0.045630855106562916,137750000,137,8
25Rivermouth_FishGOTLANDSHavNollBf__TotalSkydd.tif,4.2555741858593824e-05,0.1899999976158142,0.7099999971687794,0.0022474956871473845,1042750000,1042,8
25Rivermouth_FishHALLANDSHavNollBf__TotalSkydd.tif,0.014227729118028224,1.0,66.60000000149012,0.09264816418272984,292562500,292,6
25Rivermouth_FishKALMARHavNollBf__TotalSkydd.tif,0.0038662790708864727,0.699999988079071,23.94000000692904,0.03176049438927855,387000000,387,0
25Rivermouth_FishNORRBOTTENSHavNollBf__TotalSkydd.tif,0.0006873315384577458,0.4300000071525574,9.180000027641654,0.011489875797446666,834750000,834,8
25Rivermouth_FishOstergotlandsHavNollBf__TotalSkydd.tif,1.7975912210582594e-05,0.05000000074505806,0.09999999962747097,0.0007816442395351891,347687500,347,7
25Rivermouth_FishSkaneNorrNollBf__TotalSkydd.tif,0.004037583246384061,0.8999999761581421,84.86999983899295,0.039124311454965637,1313750000,1313,8
25Rivermouth_FishSkaneSoder__TotalSkydd.tif,0.00033579620355629267,0.7099999785423279,6.089999947696924,0.012818976608048791,1133500000,1133,5
25Rivermouth_FishSTOCKHOLMSHavNollBf__TotalSkydd.tif,0.0,0.0,0.0,0.0,1308937500,1308,9
25Rivermouth_FishSÖDERMANLANDSHavNollBf__TotalSkydd.tif,0.00025144138646089517,0.4000000059604645,1.5700000170618296,0.008307956690573357,390250000,390,3
25Rivermouth_FishUppsalaHavNollBf__TotalSkydd.tif,0.00042364813326393384,0.4699999988079071,4.449999991804361,0.010934680793798167,656500000,656,5
25Rivermouth_FishVasterbottensHavNollBf__TotalSkydd.tif,0.002666292227413091,0.6499999761581421,33.23000003024936,0.02912859925034504,778937500,778,9
25Rivermouth_FishVasterHavetNollBf__TotalSkydd.tif,0.0,0.0,0.0,0.0,1675687500,1675,7
25Rivermouth_FishVasternorrlandsHavNollBf__TotalSkydd.tif,0.0025547183114416417,0.6800000071525574,7.119999933987856,0.03666269247793265,174187500,174,2
25Rivermouth_FishVastragotlandHavNollBf__TotalSkydd.tif,0.002559463813603585,0.8399999737739563,50.789999917149544,0.0374408803430044,1240250000,1240,3
26Eel_MigrationBlekinge__TotalSkydd.tif,0.3015792237576156,0.4299999978393316,1149.6200009640306,0.14993980523726042,238250000,238,3
26Eel_MigrationBottniskaVikenHavNollBf__TotalSkydd.tif,0.0,0.0,0.0,0.0,326500000,326,5
26Eel_MigrationEgentligaOstersjonHavNollBf__TotalSkydd.tif,0.0006444158383281015,0.25,105.12999986484647,0.007421613427303006,10196250000,10196,3
26Eel_MigrationGavleborgsHavNollBf__TotalSkydd.tif,0.025911977642237762,0.03999999910593033,57.109998723492026,0.008351854896447033,137750000,137,8
26Eel_MigrationGOTLANDSHavNollBf__TotalSkydd.tif,0.0,0.0,0.0,0.0,1042750000,1042,8
26Eel_MigrationHALLANDSHavNollBf__TotalSkydd.tif,0.570831020875788,1.0,2672.0600087195635,0.343948749642719,292562500,292,6
26Eel_MigrationKALMARHavNollBf__TotalSkydd.tif,0.1440019373868012,0.3499999940395355,891.6599962990731,0.11558230204021859,387000000,387,0
26Eel_MigrationNORRBOTTENSHavNollBf__TotalSkydd.tif,0.0,0.0,0.0,0.0,834750000,834,8
26Eel_MigrationOstergotlandsHavNollBf__TotalSkydd.tif,0.12726766072212312,0.2800000011920929,707.9899965971708,0.07443261085909682,347687500,347,7
26Eel_MigrationSkaneNorrNollBf__TotalSkydd.tif,0.5270223592661435,0.9700000286102295,11078.009991774336,0.2983907174111583,1313750000,1313,8
26Eel_MigrationSkaneSoder__TotalSkydd.tif,0.22317545223859128,0.49000000953674316,4047.5100017990917,0.1216556643407056,1133500000,1133,5
26Eel_MigrationSTOCKHOLMSHavNollBf__TotalSkydd.tif,0.017296948721827583,0.15000000596046448,362.24999708123505,0.02932018742123216,1308937500,1308,9
26Eel_MigrationSÖDERMANLANDSHavNollBf__TotalSkydd.tif,0.05895259415236833,0.1899999976158142,368.0999978873879,0.023369631560797542,390250000,390,3
26Eel_MigrationUppsalaHavNollBf__TotalSkydd.tif,0.012171553421775496,0.03999999910593033,127.84999714232981,0.011459962629170449,656500000,656,5
26Eel_MigrationVasterbottensHavNollBf__TotalSkydd.tif,0.0,0.0,0.0,0.0,778937500,778,9
26Eel_MigrationVasterHavetNollBf__TotalSkydd.tif,0.01879564356084541,0.5,503.9299995098263,0.06188238638564532,1675687500,1675,7
26Eel_MigrationVasternorrlandsHavNollBf__TotalSkydd.tif,0.002052386032345905,0.029999999329447746,5.719999872148037,0.005998933476357802,174187500,174,2
26Eel_MigrationVastragotlandHavNollBf__TotalSkydd.tif,0.19611771850458298,0.8299999833106995,3891.7600060049444,0.15800989631722354,1240250000,1240,3
27Seabird_Winter_CoastalBlekinge__TotalSkydd.tif,0.1605666321619235,1.0,612.0800018012524,0.23641142917902408,238250000,238,3
27Seabird_Winter_CoastalBottniskaVikenHavNollBf__TotalSkydd.tif,0.0,0.0,0.0,0.0,326500000,326,5
27Seabird_Winter_CoastalEgentligaOstersjonHavNollBf__TotalSkydd.tif,0.0,0.0,0.0,0.0,10196250000,10196,3
27Seabird_Winter_CoastalGavleborgsHavNollBf__TotalSkydd.tif,0.0,0.0,0.0,0.0,137750000,137,8
27Seabird_Winter_CoastalGOTLANDSHavNollBf__TotalSkydd.tif,0.030795972110595073,0.7599999904632568,513.7999986931682,0.11621785266613467,1042750000,1042,8
27Seabird_Winter_CoastalHALLANDSHavNollBf__TotalSkydd.tif,0.10395641920738331,0.7300000190734863,486.6199983097613,0.15406356725860118,292562500,292,6
27Seabird_Winter_CoastalKALMARHavNollBf__TotalSkydd.tif,0.11743701492960851,0.8799999952316284,727.1699964441359,0.20782232381160157,387000000,387,0
27Seabird_Winter_CoastalNORRBOTTENSHavNollBf__TotalSkydd.tif,0.0,0.0,0.0,0.0,834750000,834,8
27Seabird_Winter_CoastalOstergotlandsHavNollBf__TotalSkydd.tif,0.0601042598601797,0.49000000953674316,334.35999760217965,0.08777682754656803,347687500,347,7
27Seabird_Winter_CoastalSkaneNorrNollBf__TotalSkydd.tif,0.03552188387833585,1.0,746.6699991226196,0.12968064322383782,1313750000,1313,8
27Seabird_Winter_CoastalSkaneSoder__TotalSkydd.tif,0.03550176415633514,1.0,643.859994739294,0.13054922711721392,1133500000,1133,5
27Seabird_Winter_CoastalSTOCKHOLMSHavNollBf__TotalSkydd.tif,0.026176288014480863,0.6899999976158142,548.2099998872727,0.06632673610022823,1308937500,1308,9
27Seabird_Winter_CoastalSÖDERMANLANDSHavNollBf__TotalSkydd.tif,1.1210762379568102e-05,0.07000000029802322,0.07000000029802322,0.0008858630649885103,390250000,390,3
27Seabird_Winter_CoastalUppsalaHavNollBf__TotalSkydd.tif,0.0,0.0,0.0,0.0,656500000,656,5
27Seabird_Winter_CoastalVasterbottensHavNollBf__TotalSkydd.tif,0.0,0.0,0.0,0.0,778937500,778,9
27Seabird_Winter_CoastalVasterHavetNollBf__TotalSkydd.tif,0.0,0.0,0.0,0.0,1675687500,1675,7
27Seabird_Winter_CoastalVasternorrlandsHavNollBf__TotalSkydd.tif,0.0,0.0,0.0,0.0,174187500,174,2
27Seabird_Winter_CoastalVastragotlandHavNollBf__TotalSkydd.tif,0.1424400324043772,0.7300000190734863,2826.580003032461,0.16988315446090774,1240250000,1240,3
28Seabird_Winter_OffshoreBlekinge__TotalSkydd.tif,0.12401101791816847,0.36000001430511475,472.7300003040582,0.09054801480840008,238250000,238,3
28Seabird_Winter_OffshoreBottniskaVikenHavNollBf__TotalSkydd.tif,0.2227813950062346,0.4300000071525574,1163.8100075125694,0.10419378336364138,326500000,326,5
28Seabird_Winter_OffshoreEgentligaOstersjonHavNollBf__TotalSkydd.tif,0.31604339777336365,0.8699999861419201,51559.31991274655,0.17638891314311841,10196250000,10196,3
28Seabird_Winter_OffshoreGavleborgsHavNollBf__TotalSkydd.tif,0.02880671480248011,0.20999999344348907,63.489999424666166,0.0407006363233284,137750000,137,8
28Seabird_Winter_OffshoreGOTLANDSHavNollBf__TotalSkydd.tif,0.24608846804275805,0.6200000047683716,4105.740000825375,0.1507883605579248,1042750000,1042,8
28Seabird_Winter_OffshoreHALLANDSHavNollBf__TotalSkydd.tif,0.02562059383601415,0.7099999785423279,119.92999974638224,0.07858908361189569,292562500,292,6
28Seabird_Winter_OffshoreKALMARHavNollBf__TotalSkydd.tif,0.25746608516369834,0.6800000071525574,1594.22999933362,0.19899332409714246,387000000,387,0
28Seabird_Winter_OffshoreNORRBOTTENSHavNollBf__TotalSkydd.tif,0.0,0.0,0.0,0.0,834750000,834,8
28Seabird_Winter_OffshoreOstergotlandsHavNollBf__TotalSkydd.tif,0.28517886051921865,0.4399999976158142,1586.4500010684133,0.11658025526961364,347687500,347,7
28Seabird_Winter_OffshoreSkaneNorrNollBf__TotalSkydd.tif,0.1936807799480898,0.6100000143051147,4071.1699945088476,0.13079712791869286,1313750000,1313,8
28Seabird_Winter_OffshoreSkaneSoder__TotalSkydd.tif,0.11662439325923797,0.47999998927116394,2115.09999614954,0.13881561031314527,1133500000,1133,5
28Seabird_Winter_OffshoreSTOCKHOLMSHavNollBf__TotalSkydd.tif,0.13279186383123479,0.4099999964237213,2781.06000421755,0.1143157725689076,1308937500,1308,9
28Seabird_Winter_OffshoreSÖDERMANLANDSHavNollBf__TotalSkydd.tif,0.26393658018263483,0.4399999976158142,1648.020006660372,0.11325696748031241,390250000,390,3
28Seabird_Winter_OffshoreUppsalaHavNollBf__TotalSkydd.tif,0.09463537712911284,0.25,994.0500013642013,0.06062011276725081,656500000,656,5
28Seabird_Winter_OffshoreVasterbottensHavNollBf__TotalSkydd.tif,0.0,0.0,0.0,0.0,778937500,778,9
28Seabird_Winter_OffshoreVasterHavetNollBf__TotalSkydd.tif,0.028176867649893435,0.33000001311302185,755.4499985612929,0.0616770127659663,1675687500,1675,7
28Seabird_Winter_OffshoreVasternorrlandsHavNollBf__TotalSkydd.tif,0.0,0.0,0.0,0.0,174187500,174,2
28Seabird_Winter_OffshoreVastragotlandHavNollBf__TotalSkydd.tif,0.0,0.0,0.0,0.0,1240250000,1240,3
37Anoxia_BackgroundBlekinge__TotalSkydd.tif,0.06070304284183013,0.11999999731779099,231.39999931305647,0.019489118612159167,238250000,238,3
37Anoxia_BackgroundBottniskaVikenHavNollBf__TotalSkydd.tif,0.006318912569327911,0.03999999910593033,33.009999262169,0.01233051017300861,326500000,326,5
37Anoxia_BackgroundEgentligaOstersjonHavNollBf__TotalSkydd.tif,0.12232603910589764,0.8000000230967999,19956.27001973614,0.08208795199726081,10196250000,10196,3
37Anoxia_BackgroundGavleborgsHavNollBf__TotalSkydd.tif,0.05001361150051148,0.20000000298023224,110.2299997471273,0.029151253291420248,137750000,137,8
37Anoxia_BackgroundGOTLANDSHavNollBf__TotalSkydd.tif,0.1621044117129412,0.6700000166893005,2704.550005018711,0.10568842050161041,1042750000,1042,8
37Anoxia_BackgroundHALLANDSHavNollBf__TotalSkydd.tif,0.09485793653760194,0.25999999046325684,444.03000093251467,0.05180653219118045,292562500,292,6
37Anoxia_BackgroundKALMARHavNollBf__TotalSkydd.tif,0.0883801677646308,0.28999999165534973,547.2499987985939,0.059614674151738774,387000000,387,0
37Anoxia_BackgroundNORRBOTTENSHavNollBf__TotalSkydd.tif,0.017622790873657625,0.10000000149011612,235.36999490857124,0.01421876337743382,834750000,834,8
37Anoxia_BackgroundOstergotlandsHavNollBf__TotalSkydd.tif,0.21816286190061202,0.44999998807907104,1213.6400007531047,0.10421814239937513,347687500,347,7
37Anoxia_BackgroundSkaneNorrNollBf__TotalSkydd.tif,0.1649571836339425,0.3799999952316284,3467.3999999854714,0.06754017833650974,1313750000,1313,8
37Anoxia_BackgroundSkaneSoder__TotalSkydd.tif,0.07062362162145713,0.23000000417232513,1280.8300017267466,0.034435578338993585,1133500000,1133,5
37Anoxia_BackgroundSTOCKHOLMSHavNollBf__TotalSkydd.tif,0.1717724298882842,0.5099999904632568,3597.429999150336,0.08224682744327787,1308937500,1308,9
37Anoxia_BackgroundSÖDERMANLANDSHavNollBf__TotalSkydd.tif,0.3651057007745825,0.6100000143051147,2279.719995636493,0.10631496540171187,390250000,390,3
37Anoxia_BackgroundUppsalaHavNollBf__TotalSkydd.tif,0.028171172477794357,0.20000000298023224,295.90999570675194,0.016915222421014568,656500000,656,5
37Anoxia_BackgroundVasterbottensHavNollBf__TotalSkydd.tif,0.06720933941032486,0.18000000715255737,837.6299970708787,0.035960735664988516,778937500,778,9
37Anoxia_BackgroundVasterHavetNollBf__TotalSkydd.tif,0.03003319512125513,0.23000000417232513,805.2199943959713,0.04845800911736363,1675687500,1675,7
37Anoxia_BackgroundVasternorrlandsHavNollBf__TotalSkydd.tif,0.1295766057155874,0.25,361.1300001293421,0.05613061756113697,174187500,174,2
37Anoxia_BackgroundVastragotlandHavNollBf__TotalSkydd.tif,0.11321154991406973,0.7799999713897705,2246.5699964948,0.09979478731290994,1240250000,1240,3
